[{"name":"image0.png","minX":616,"minY":2,"maxX":831,"maxY":147},{"name":"image1.png","minX":0,"minY":28,"maxX":282,"maxY":168},{"name":"image2.png","minX":305,"minY":36,"maxX":590,"maxY":168},{"name":"image3.png","minX":0,"minY":192,"maxX":297,"maxY":542},{"name":"image4.png","minX":977,"minY":201,"maxX":1020,"maxY":228},{"name":"image5.png","minX":340,"minY":202,"maxX":628,"maxY":400},{"name":"image6.png","minX":790,"minY":216,"maxX":944,"maxY":312},{"name":"image7.png","minX":648,"minY":232,"maxX":766,"maxY":408},{"name":"image8.png","minX":970,"minY":253,"maxX":1016,"maxY":311},{"name":"image9.png","minX":837,"minY":340,"maxX":978,"maxY":552},{"name":"image10.png","minX":345,"minY":425,"maxX":587,"maxY":700},{"name":"image11.png","minX":612,"minY":434,"maxX":811,"maxY":550},{"name":"image12.png","minX":624,"minY":576,"maxX":893,"maxY":683},{"name":"image13.png","minX":936,"minY":576,"maxX":980,"maxY":604},{"name":"image14.png","minX":0,"minY":620,"maxX":297,"maxY":972},{"name":"image15.png","minX":929,"minY":628,"maxX":976,"maxY":688},{"name":"image16.png","minX":612,"minY":716,"maxX":995,"maxY":1020},{"name":"image17.png","minX":340,"minY":720,"maxX":578,"maxY":1024}]