[{"name":"image0.png","minX":0,"minY":1,"maxX":211,"maxY":156},{"name":"image1.png","minX":241,"minY":36,"maxX":491,"maxY":179},{"name":"image2.png","minX":516,"minY":36,"maxX":804,"maxY":170},{"name":"image3.png","minX":840,"minY":73,"maxX":884,"maxY":102},{"name":"image4.png","minX":824,"minY":124,"maxX":880,"maxY":187},{"name":"image5.png","minX":608,"minY":194,"maxX":736,"maxY":572},{"name":"image6.png","minX":936,"minY":200,"maxX":979,"maxY":228},{"name":"image7.png","minX":11,"minY":205,"maxX":312,"maxY":592},{"name":"image8.png","minX":756,"minY":208,"maxX":899,"maxY":495},{"name":"image9.png","minX":336,"minY":224,"maxX":405,"maxY":260},{"name":"image10.png","minX":449,"minY":236,"maxX":489,"maxY":260},{"name":"image11.png","minX":920,"minY":253,"maxX":975,"maxY":315},{"name":"image12.png","minX":341,"minY":284,"maxX":582,"maxY":572},{"name":"image13.png","minX":924,"minY":336,"maxX":1018,"maxY":494},{"name":"image14.png","minX":834,"minY":521,"maxX":1008,"maxY":844},{"name":"image15.png","minX":343,"minY":597,"maxX":648,"maxY":834},{"name":"image16.png","minX":0,"minY":616,"maxX":322,"maxY":943},{"name":"image17.png","minX":673,"minY":637,"maxX":808,"maxY":832},{"name":"image18.png","minX":345,"minY":856,"maxX":765,"maxY":1024},{"name":"image19.png","minX":790,"minY":876,"maxX":1008,"maxY":1023}]