[{"name":"image0.png","minX":0,"minY":20,"maxX":399,"maxY":184},{"name":"image1.png","minX":425,"minY":32,"maxX":631,"maxY":176},{"name":"image2.png","minX":656,"minY":80,"maxX":736,"maxY":155},{"name":"image3.png","minX":756,"minY":108,"maxX":786,"maxY":160},{"name":"image4.png","minX":668,"minY":185,"maxX":834,"maxY":284},{"name":"image5.png","minX":502,"minY":198,"maxX":643,"maxY":500},{"name":"image6.png","minX":884,"minY":202,"maxX":928,"maxY":232},{"name":"image7.png","minX":0,"minY":204,"maxX":314,"maxY":572},{"name":"image8.png","minX":337,"minY":208,"maxX":477,"maxY":500},{"name":"image9.png","minX":860,"minY":257,"maxX":929,"maxY":332},{"name":"image10.png","minX":954,"minY":268,"maxX":980,"maxY":311},{"name":"image11.png","minX":672,"minY":310,"maxX":819,"maxY":572},{"name":"image12.png","minX":844,"minY":356,"maxX":986,"maxY":571},{"name":"image13.png","minX":360,"minY":525,"maxX":592,"maxY":676},{"name":"image14.png","minX":648,"minY":596,"maxX":950,"maxY":852},{"name":"image15.png","minX":12,"minY":601,"maxX":340,"maxY":939},{"name":"image16.png","minX":362,"minY":702,"maxX":622,"maxY":1024},{"name":"image17.png","minX":976,"minY":782,"maxX":1014,"maxY":852},{"name":"image18.png","minX":648,"minY":888,"maxX":1023,"maxY":1023}]