[{"name":"image0.png","minX":204,"minY":5,"maxX":324,"maxY":178},{"name":"image1.png","minX":348,"minY":6,"maxX":516,"maxY":178},{"name":"image2.png","minX":857,"minY":6,"maxX":976,"maxY":206},{"name":"image3.png","minX":0,"minY":14,"maxX":184,"maxY":143},{"name":"image4.png","minX":536,"minY":27,"maxX":688,"maxY":196},{"name":"image5.png","minX":707,"minY":42,"maxX":833,"maxY":197},{"name":"image6.png","minX":0,"minY":167,"maxX":72,"maxY":582},{"name":"image7.png","minX":95,"minY":200,"maxX":452,"maxY":581},{"name":"image8.png","minX":473,"minY":217,"maxX":599,"maxY":460},{"name":"image9.png","minX":621,"minY":222,"maxX":711,"maxY":458},{"name":"image10.png","minX":733,"minY":228,"maxX":835,"maxY":458},{"name":"image11.png","minX":856,"minY":449,"maxX":987,"maxY":538},{"name":"image12.png","minX":474,"minY":480,"maxX":728,"maxY":706},{"name":"image13.png","minX":856,"minY":560,"maxX":1006,"maxY":687},{"name":"image14.png","minX":748,"minY":582,"maxX":837,"maxY":688},{"name":"image15.png","minX":1,"minY":605,"maxX":240,"maxY":1024},{"name":"image16.png","minX":262,"minY":608,"maxX":369,"maxY":656},{"name":"image17.png","minX":260,"minY":683,"maxX":427,"maxY":1024},{"name":"image18.png","minX":755,"minY":710,"maxX":1017,"maxY":818},{"name":"image19.png","minX":449,"minY":724,"maxX":732,"maxY":1024},{"name":"image20.png","minX":754,"minY":838,"maxX":1022,"maxY":1024}]