[{"name":"image0.png","minX":0,"minY":0,"maxX":251,"maxY":100},{"name":"image1.png","minX":272,"minY":13,"maxX":351,"maxY":98},{"name":"image2.png","minX":373,"minY":40,"maxX":474,"maxY":95},{"name":"image3.png","minX":504,"minY":41,"maxX":544,"maxY":62},{"name":"image4.png","minX":496,"minY":68,"maxX":532,"maxY":96},{"name":"image5.png","minX":564,"minY":76,"maxX":599,"maxY":99},{"name":"image6.png","minX":409,"minY":115,"maxX":492,"maxY":194},{"name":"image7.png","minX":732,"minY":116,"maxX":776,"maxY":168},{"name":"image8.png","minX":0,"minY":117,"maxX":184,"maxY":324},{"name":"image9.png","minX":310,"minY":118,"maxX":388,"maxY":201},{"name":"image10.png","minX":623,"minY":120,"maxX":675,"maxY":164},{"name":"image11.png","minX":784,"minY":120,"maxX":816,"maxY":168},{"name":"image12.png","minX":512,"minY":121,"maxX":564,"maxY":167},{"name":"image13.png","minX":201,"minY":124,"maxX":236,"maxY":148},{"name":"image14.png","minX":579,"minY":132,"maxX":602,"maxY":170},{"name":"image15.png","minX":836,"minY":132,"maxX":886,"maxY":203},{"name":"image16.png","minX":905,"minY":133,"maxX":955,"maxY":204},{"name":"image17.png","minX":700,"minY":136,"maxX":716,"maxY":160},{"name":"image18.png","minX":975,"minY":148,"maxX":1008,"maxY":206},{"name":"image19.png","minX":200,"minY":164,"maxX":292,"maxY":323},{"name":"image20.png","minX":647,"minY":182,"maxX":704,"maxY":260},{"name":"image21.png","minX":724,"minY":189,"maxX":759,"maxY":212},{"name":"image22.png","minX":544,"minY":190,"maxX":628,"maxY":258},{"name":"image23.png","minX":784,"minY":203,"maxX":797,"maxY":221},{"name":"image24.png","minX":408,"minY":214,"maxX":527,"maxY":256},{"name":"image25.png","minX":311,"minY":221,"maxX":386,"maxY":346},{"name":"image26.png","minX":832,"minY":224,"maxX":898,"maxY":276},{"name":"image27.png","minX":920,"minY":226,"maxX":988,"maxY":273},{"name":"image28.png","minX":730,"minY":240,"maxX":780,"maxY":266},{"name":"image29.png","minX":988,"minY":243,"maxX":1004,"maxY":274},{"name":"image30.png","minX":802,"minY":256,"maxX":816,"maxY":276},{"name":"image31.png","minX":404,"minY":276,"maxX":518,"maxY":391},{"name":"image32.png","minX":538,"minY":278,"maxX":617,"maxY":391},{"name":"image33.png","minX":636,"minY":280,"maxX":709,"maxY":391},{"name":"image34.png","minX":924,"minY":293,"maxX":1023,"maxY":358},{"name":"image35.png","minX":728,"minY":296,"maxX":812,"maxY":398},{"name":"image36.png","minX":833,"minY":297,"maxX":905,"maxY":398},{"name":"image37.png","minX":0,"minY":344,"maxX":212,"maxY":559},{"name":"image38.png","minX":232,"minY":364,"maxX":368,"maxY":464},{"name":"image39.png","minX":926,"minY":377,"maxX":972,"maxY":423},{"name":"image40.png","minX":982,"minY":393,"maxX":1024,"maxY":430},{"name":"image41.png","minX":399,"minY":412,"maxX":540,"maxY":545},{"name":"image42.png","minX":560,"minY":412,"maxX":694,"maxY":539},{"name":"image43.png","minX":725,"minY":418,"maxX":878,"maxY":556},{"name":"image44.png","minX":921,"minY":450,"maxX":1024,"maxY":620},{"name":"image45.png","minX":235,"minY":487,"maxX":380,"maxY":567},{"name":"image46.png","minX":601,"minY":560,"maxX":703,"maxY":624},{"name":"image47.png","minX":410,"minY":564,"maxX":580,"maxY":616},{"name":"image48.png","minX":729,"minY":577,"maxX":902,"maxY":659},{"name":"image49.png","minX":4,"minY":580,"maxX":212,"maxY":792},{"name":"image50.png","minX":235,"minY":586,"maxX":390,"maxY":796},{"name":"image51.png","minX":408,"minY":634,"maxX":580,"maxY":824},{"name":"image52.png","minX":936,"minY":639,"maxX":1024,"maxY":820},{"name":"image53.png","minX":596,"minY":643,"maxX":708,"maxY":824},{"name":"image54.png","minX":728,"minY":679,"maxX":917,"maxY":820},{"name":"image55.png","minX":0,"minY":816,"maxX":256,"maxY":1024},{"name":"image56.png","minX":276,"minY":820,"maxX":306,"maxY":832},{"name":"image57.png","minX":514,"minY":840,"maxX":721,"maxY":1024},{"name":"image58.png","minX":276,"minY":851,"maxX":495,"maxY":1023},{"name":"image59.png","minX":738,"minY":851,"maxX":923,"maxY":1024},{"name":"image60.png","minX":944,"minY":864,"maxX":1024,"maxY":1023}]