[{"name":"image0.png","minX":208,"minY":0,"maxX":323,"maxY":86},{"name":"image1.png","minX":340,"minY":0,"maxX":352,"maxY":16},{"name":"image2.png","minX":372,"minY":10,"maxX":391,"maxY":20},{"name":"image3.png","minX":1,"minY":14,"maxX":190,"maxY":88},{"name":"image4.png","minX":852,"minY":15,"maxX":877,"maxY":72},{"name":"image5.png","minX":738,"minY":18,"maxX":834,"maxY":72},{"name":"image6.png","minX":960,"minY":20,"maxX":1006,"maxY":87},{"name":"image7.png","minX":892,"minY":22,"maxX":944,"maxY":88},{"name":"image8.png","minX":446,"minY":30,"maxX":584,"maxY":86},{"name":"image9.png","minX":342,"minY":36,"maxX":398,"maxY":80},{"name":"image10.png","minX":602,"minY":41,"maxX":720,"maxY":112},{"name":"image11.png","minX":406,"minY":52,"maxX":428,"maxY":83},{"name":"image12.png","minX":744,"minY":90,"maxX":860,"maxY":166},{"name":"image13.png","minX":0,"minY":104,"maxX":204,"maxY":430},{"name":"image14.png","minX":446,"minY":104,"maxX":580,"maxY":220},{"name":"image15.png","minX":222,"minY":106,"maxX":427,"maxY":207},{"name":"image16.png","minX":886,"minY":106,"maxX":975,"maxY":166},{"name":"image17.png","minX":608,"minY":130,"maxX":728,"maxY":229},{"name":"image18.png","minX":745,"minY":183,"maxX":868,"maxY":316},{"name":"image19.png","minX":884,"minY":184,"maxX":976,"maxY":245},{"name":"image20.png","minX":222,"minY":224,"maxX":424,"maxY":430},{"name":"image21.png","minX":442,"minY":238,"maxX":592,"maxY":429},{"name":"image22.png","minX":604,"minY":244,"maxX":727,"maxY":398},{"name":"image23.png","minX":884,"minY":263,"maxX":955,"maxY":366},{"name":"image24.png","minX":972,"minY":272,"maxX":998,"maxY":366},{"name":"image25.png","minX":745,"minY":332,"maxX":868,"maxY":466},{"name":"image26.png","minX":884,"minY":383,"maxX":965,"maxY":486},{"name":"image27.png","minX":627,"minY":415,"maxX":724,"maxY":628},{"name":"image28.png","minX":0,"minY":448,"maxX":610,"maxY":1024},{"name":"image29.png","minX":742,"minY":484,"maxX":817,"maxY":628},{"name":"image30.png","minX":837,"minY":504,"maxX":930,"maxY":644},{"name":"image31.png","minX":950,"minY":504,"maxX":962,"maxY":588},{"name":"image32.png","minX":979,"minY":513,"maxX":1006,"maxY":538},{"name":"image33.png","minX":976,"minY":556,"maxX":1024,"maxY":589},{"name":"image34.png","minX":948,"minY":606,"maxX":1024,"maxY":654},{"name":"image35.png","minX":628,"minY":644,"maxX":768,"maxY":850},{"name":"image36.png","minX":785,"minY":662,"maxX":926,"maxY":850},{"name":"image37.png","minX":944,"minY":672,"maxX":992,"maxY":716},{"name":"image38.png","minX":1003,"minY":698,"maxX":1015,"maxY":724},{"name":"image39.png","minX":944,"minY":742,"maxX":1024,"maxY":855},{"name":"image40.png","minX":627,"minY":868,"maxX":924,"maxY":1024},{"name":"image41.png","minX":941,"minY":876,"maxX":1014,"maxY":1024}]