[{"name":"image0.png","minX":454,"minY":8,"maxX":540,"maxY":94},{"name":"image1.png","minX":0,"minY":10,"maxX":160,"maxY":56},{"name":"image2.png","minX":365,"minY":26,"maxX":400,"maxY":42},{"name":"image3.png","minX":421,"minY":33,"maxX":435,"maxY":44},{"name":"image4.png","minX":557,"minY":36,"maxX":633,"maxY":60},{"name":"image5.png","minX":179,"minY":44,"maxX":214,"maxY":53},{"name":"image6.png","minX":258,"minY":49,"maxX":348,"maxY":255},{"name":"image7.png","minX":364,"minY":60,"maxX":435,"maxY":258},{"name":"image8.png","minX":874,"minY":60,"maxX":939,"maxY":124},{"name":"image9.png","minX":0,"minY":74,"maxX":239,"maxY":592},{"name":"image10.png","minX":571,"minY":77,"maxX":611,"maxY":110},{"name":"image11.png","minX":628,"minY":84,"maxX":647,"maxY":112},{"name":"image12.png","minX":456,"minY":112,"maxX":552,"maxY":258},{"name":"image13.png","minX":572,"minY":133,"maxX":658,"maxY":278},{"name":"image14.png","minX":778,"minY":133,"maxX":854,"maxY":278},{"name":"image15.png","minX":676,"minY":136,"maxX":760,"maxY":276},{"name":"image16.png","minX":874,"minY":143,"maxX":986,"maxY":214},{"name":"image17.png","minX":872,"minY":233,"maxX":979,"maxY":340},{"name":"image18.png","minX":260,"minY":277,"maxX":330,"maxY":590},{"name":"image19.png","minX":349,"minY":277,"maxX":466,"maxY":344},{"name":"image20.png","minX":512,"minY":296,"maxX":668,"maxY":396},{"name":"image21.png","minX":1000,"minY":296,"maxX":1024,"maxY":338},{"name":"image22.png","minX":688,"minY":297,"maxX":835,"maxY":374},{"name":"image23.png","minX":888,"minY":357,"maxX":1016,"maxY":568},{"name":"image24.png","minX":348,"minY":364,"maxX":494,"maxY":590},{"name":"image25.png","minX":724,"minY":394,"maxX":867,"maxY":580},{"name":"image26.png","minX":513,"minY":417,"maxX":703,"maxY":592},{"name":"image27.png","minX":906,"minY":584,"maxX":1003,"maxY":800},{"name":"image28.png","minX":765,"minY":600,"maxX":886,"maxY":804},{"name":"image29.png","minX":0,"minY":608,"maxX":406,"maxY":1024},{"name":"image30.png","minX":528,"minY":612,"maxX":745,"maxY":771},{"name":"image31.png","minX":424,"minY":618,"maxX":507,"maxY":1024},{"name":"image32.png","minX":524,"minY":790,"maxX":690,"maxY":1024},{"name":"image33.png","minX":905,"minY":818,"maxX":1020,"maxY":1024},{"name":"image34.png","minX":710,"minY":820,"maxX":887,"maxY":1024}]